SORT;PIN;GEMEENTE;GESLACHT;LEEFTIJD;WERK;INKOMEN;ONDERWIJS;BLOEDGR1;HUISHOUDEN
1;S128;5;1;65;2;0;5;1;299
2;S427;6;1;36;2;0;6;1;29
3;S87;7;2;73;2;0;6;1;13
4;S880;6;1;6;2;0;2;1;248
5;S468;3;2;33;1;158;5;0;39
6;S33;1;2;82;2;0;6;1;158
7;S940;2;1;2;2;0;2;1;269
8;S482;1;1;32;#LEEG!;#LEEG!;6;1;220
9;S123;5;2;66;2;0;1;1;277
10;S941;3;2;2;2;0;2;1;81
11;S143;7;2;63;1;1442;5;1;71
12;S509;6;1;29;1;1126;1;0;15
13;S989;1;1;0;2;0;2;1;26
14;S15;1;2;86;2;0;5;1;116
15;S758;7;2;13;2;0;2;1;177
16;S825;7;2;9;2;0;2;1;87
17;S258;5;2;51;2;0;6;0;315
18;S469;1;2;33;1;195;7;1;341
19;S29;7;2;83;2;0;6;1;82
20;S658;2;1;19;2;0;1;1;31
21;S399;7;1;39;1;1559;5;1;16
22;S775;7;2;12;2;0;1;1;78
23;S689;3;1;17;2;0;1;1;342
24;S216;4;1;54;1;3760;7;1;272
25;S383;3;1;40;1;630;6;1;243
26;S88;7;2;73;2;0;8;0;159
27;S229;7;1;53;1;2103;7;1;311
28;S911;7;1;4;2;0;2;0;62
29;S470;6;1;33;1;1288;1;1;16
30;S412;1;2;38;1;179;6;1;171
31;S457;5;2;34;2;0;5;1;205
32;S857;2;2;7;2;0;2;1;43
33;S516;1;1;28;1;440;7;0;262
34;S124;2;1;66;2;0;5;1;241
35;S551;7;1;26;1;1013;6;1;105
36;S77;7;1;74;2;0;6;1;268
37;S927;6;2;3;2;0;2;0;263
38;S230;4;2;53;2;0;3;1;240
39;S552;7;2;26;2;0;6;1;6
40;S894;6;1;5;2;0;2;1;43
41;S129;7;1;65;2;0;7;1;91
42;S858;7;1;7;2;0;2;1;264
43;S369;6;1;41;1;1657;1;1;101
44;S217;6;1;54;1;2135;6;1;200
45;S797;7;2;11;2;0;2;1;272
46;S643;6;1;20;1;817;5;0;305
47;S218;2;2;54;1;130;7;1;179
48;S711;1;2;16;2;0;1;1;145
49;S493;2;2;31;1;145;4;0;138
50;S942;6;1;2;2;0;2;1;243
51;S292;1;2;48;1;101;6;1;329
52;S532;5;1;27;1;1073;8;1;238
53;S553;3;1;26;1;455;3;1;143
54;S458;1;2;34;1;128;6;1;144
55;S840;1;1;8;2;0;2;1;42
56;S746;1;1;14;2;0;1;1;170
57;S554;7;2;26;2;0;3;1;320
58;S747;7;1;14;2;0;1;1;211
59;S307;5;2;47;2;0;6;1;19
60;S293;5;2;48;2;0;1;1;65
61;S200;5;1;56;1;2233;3;0;313
62;S748;3;1;14;2;0;1;1;12
63;S644;2;1;20;1;353;6;0;8
64;S826;6;1;9;2;0;2;0;204
65;S963;7;1;1;2;0;2;0;151
66;S675;5;2;18;2;0;5;1;249
67;S95;4;1;71;2;0;6;1;340
68;S629;5;2;21;2;0;3;1;194
69;S613;3;1;22;#LEEG!;#LEEG!;6;1;2
70;S231;7;1;53;1;2152;5;1;330
71;S259;5;2;51;2;0;6;1;350
72;S798;6;2;11;2;0;1;1;85
73;S51;6;2;78;2;0;7;1;295
74;S659;7;2;19;2;0;7;0;244
75;S428;5;1;36;1;1468;6;1;238
76;S308;6;2;47;1;1144;4;1;255
77;S244;6;2;52;1;1259;4;0;308
78;S16;6;2;86;2;0;6;0;192
79;S384;1;2;40;1;131;1;1;106
80;S64;6;2;76;2;0;6;0;195
81;S309;4;1;47;1;3145;7;1;305
82;S494;1;2;31;2;0;6;1;146
83;S676;7;1;18;2;0;3;1;13
84;S294;5;1;48;1;1910;7;1;42
85;S280;5;1;49;1;1915;7;1;193
86;S52;5;2;78;2;0;6;1;127
87;S59;2;1;77;2;0;4;0;244
88;S281;2;2;49;2;0;5;1;248
89;S726;1;2;15;2;0;1;0;45
90;S260;4;1;51;1;3503;5;0;241
91;S598;7;1;23;1;930;8;1;29
92;S319;1;2;46;1;169;6;0;183
93;S712;5;2;16;2;0;1;1;121
94;S727;2;1;15;2;0;1;0;336
95;S728;2;1;15;2;0;1;0;21
96;S101;2;1;70;2;0;4;1;212
97;S815;3;1;10;2;0;2;0;327
98;S471;5;1;33;1;1323;6;1;100
99;S690;7;2;17;2;0;1;1;301
100;S348;7;2;43;2;0;4;1;178
101;S943;6;2;2;2;0;2;1;110
102;S517;5;2;28;1;803;7;0;150
103;S630;1;1;21;1;456;7;1;329
104;S518;7;1;28;1;1163;8;1;114
105;S96;4;2;71;2;0;7;1;26
106;S816;6;2;10;2;0;2;1;287
107;S65;1;1;76;2;0;6;1;332
108;S799;5;1;11;2;0;2;1;327
109;S349;2;2;43;1;138;8;1;30
110;S677;3;2;18;2;0;3;1;75
111;S599;1;1;23;1;418;8;1;43
112;S105;1;2;69;2;0;6;1;1
113;S78;7;1;74;2;0;4;1;87
114;S912;7;2;4;2;0;2;1;347
115;S417;7;2;37;2;0;6;1;104
116;S153;1;2;62;2;0;6;1;246
117;S72;2;2;75;2;0;1;1;113
118;S79;6;1;74;2;0;7;1;256
119;S691;5;2;17;2;0;5;1;6
120;S472;7;2;33;2;0;8;0;51
121;S555;6;1;26;1;1067;6;0;1
122;S533;2;1;27;1;515;6;1;301
123;S759;6;2;13;2;0;1;1;235
124;S990;1;1;0;2;0;2;1;21
125;S483;2;2;32;1;113;6;1;341
126;S473;1;1;33;1;572;1;1;301
127;S519;1;1;28;2;0;4;1;228
128;S30;7;2;83;2;0;6;1;31
129;S19;4;1;85;2;0;6;1;54
130;S474;7;1;33;1;1328;4;1;24
131;S645;7;2;20;2;0;5;1;36
132;S164;5;1;61;1;2478;6;1;44
133;S692;7;1;17;2;0;5;1;100
134;S201;6;2;56;2;0;8;1;47
135;S165;7;2;61;2;0;6;1;58
136;S400;5;2;39;2;0;6;0;332
137;S631;3;1;21;1;388;6;1;286
138;S800;7;1;11;2;0;1;1;195
139;S1;2;2;97;2;0;6;1;44
140;S93;2;1;72;2;0;3;1;192
141;S646;3;2;20;#LEEG!;#LEEG!;6;1;296
142;S184;6;2;58;2;0;8;1;321
143;S501;7;2;30;2;0;6;0;185
144;S66;4;2;76;2;0;6;1;260
145;S429;5;1;36;1;1427;1;1;86
146;S139;7;2;64;2;0;1;1;56
147;S202;5;1;56;1;2237;4;0;312
148;S841;7;2;8;2;0;2;1;130
149;S144;7;1;63;1;2518;6;1;344
150;S600;7;1;23;1;878;7;1;52
151;S350;4;1;43;1;2866;6;0;92
152;S556;7;2;26;2;0;6;1;158
153;S130;1;1;65;2;0;6;0;47
154;S154;7;1;62;1;2519;6;1;9
155;S245;5;2;52;2;0;7;1;205
156;S270;5;2;50;1;1153;1;0;281
157;S475;7;2;33;2;0;6;1;79
158;S430;7;1;36;1;1477;4;0;212
159;S359;5;2;42;2;0;1;1;273
160;S647;3;1;20;1;414;6;1;17
161;S310;7;1;47;2;0;7;0;248
162;S614;5;2;22;2;0;6;1;236
163;S510;7;2;29;2;0;8;0;287
164;S842;5;2;8;2;0;2;1;9
165;S693;5;2;17;2;0;3;0;142
166;S843;5;1;8;2;0;2;0;124
167;S760;7;2;13;2;0;2;1;98
168;S80;5;2;74;2;0;3;0;194
169;S185;5;1;58;1;2340;6;1;238
170;S615;3;2;22;2;0;6;1;227
171;S520;5;1;28;1;1107;1;1;22
172;S89;4;2;73;2;0;6;1;229
173;S431;1;2;36;1;158;1;0;8
174;S476;1;2;33;1;110;1;0;86
175;S601;3;1;23;1;392;1;1;177
176;S179;7;2;59;1;1423;4;1;58
177;S441;7;1;35;1;1424;6;1;211
178;S4;1;2;90;2;0;1;0;226
179;S694;7;1;17;2;0;1;1;90
180;S749;5;1;14;2;0;1;0;75
181;S616;6;1;22;1;838;1;1;147
182;S155;4;1;62;2;0;7;0;185
183;S418;7;1;37;1;1502;7;1;94
184;S495;5;1;31;1;1280;8;1;299
185;S913;7;2;4;2;0;2;0;336
186;S944;5;1;2;2;0;2;1;83
187;S320;4;1;46;1;3051;6;0;266
188;S20;5;1;85;2;0;5;0;28
189;S156;1;2;62;1;128;7;0;65
190;S928;1;2;3;2;0;2;1;24
191;S360;2;2;42;1;162;4;1;156
192;S929;5;1;3;2;0;2;1;194
193;S827;5;1;9;2;0;2;0;54
194;S157;7;1;62;1;2439;3;1;219
195;S729;5;2;15;2;0;1;1;324
196;S327;2;1;45;1;627;7;1;190
197;S442;1;2;35;1;108;4;0;149
198;S192;4;1;57;1;4002;7;1;209
199;S945;7;2;2;2;0;2;1;293
200;S361;2;2;42;1;199;5;1;3
201;S964;7;2;1;2;0;2;1;208
202;S321;6;1;46;1;1855;7;1;120
203;S484;1;2;32;1;198;7;0;301
204;S370;6;2;41;2;0;4;0;207
205;S914;7;1;4;2;0;2;1;242
206;S97;6;1;71;2;0;6;0;104
207;S776;3;1;12;2;0;2;0;45
208;S232;5;1;53;1;2150;8;0;281
209;S158;7;1;62;1;2515;1;1;345
210;S801;5;2;11;2;0;2;1;203
211;S496;1;2;31;1;169;8;1;248
212;S991;5;2;0;2;0;2;1;346
213;S557;6;1;26;1;1013;4;1;171
214;S660;6;2;19;2;0;5;1;116
215;S328;7;1;45;1;1833;4;1;20
216;S295;5;1;48;1;1873;6;0;229
217;S180;6;1;59;1;2321;7;1;135
218;S713;7;2;16;2;0;7;0;14
219;S443;7;1;35;1;1446;5;1;57
220;S946;2;2;2;2;0;2;1;178
221;S695;3;2;17;2;0;5;1;331
222;S844;5;2;8;2;0;2;1;298
223;S714;1;2;16;2;0;1;0;121
224;S31;2;2;83;2;0;8;0;41
225;S947;3;2;2;2;0;2;0;185
226;S948;1;1;2;2;0;2;1;124
227;S296;5;1;48;1;1941;6;1;327
228;S502;5;1;30;1;1216;4;1;120
229;S661;5;1;19;2;0;5;1;266
230;S106;5;2;69;2;0;7;1;248
231;S246;7;2;52;1;1265;1;1;88
232;S131;7;1;65;2;0;6;0;11
233;S362;5;2;42;2;0;6;1;246
234;S521;1;1;28;1;457;8;1;229
235;S401;3;1;39;2;0;4;1;28
236;S21;7;1;85;2;0;6;1;87
237;S817;1;2;10;2;0;2;1;205
238;S777;3;1;12;2;0;2;1;293
239;S845;2;2;8;2;0;2;0;324
240;S750;5;2;14;2;0;1;0;77
241;S617;6;2;22;2;0;6;1;29
242;S696;7;1;17;2;0;3;1;220
243;S419;2;2;37;1;193;5;1;289
244;S965;6;1;1;2;0;2;1;7
245;S219;6;2;54;2;0;7;1;18
246;S618;3;1;22;1;435;1;1;189
247;S413;5;2;38;2;0;6;1;176
248;S322;7;2;46;2;0;7;0;232
249;S930;1;2;3;2;0;2;0;64
250;S261;2;2;51;1;121;4;0;267
251;S6;5;2;89;2;0;1;1;347
252;S715;6;1;16;2;0;2;1;285
253;S859;1;2;7;2;0;2;1;47
254;S233;5;1;53;1;2158;5;1;175
255;S895;6;2;5;2;0;2;1;314
256;S522;2;1;28;1;527;1;1;320
257;S193;7;2;57;2;0;6;1;301
258;S282;5;2;49;1;1174;7;0;201
259;S846;7;1;8;2;0;2;1;17
260;S818;6;1;10;2;0;2;1;350
261;S297;7;1;48;2;0;7;1;7
262;S34;6;2;82;2;0;6;1;205
263;S271;4;2;50;2;0;4;1;181
264;S761;6;2;13;2;0;1;1;88
265;S966;5;1;1;2;0;2;1;223
266;S210;1;1;55;1;717;4;1;44
267;S802;7;1;11;2;0;2;1;321
268;S778;7;1;12;2;0;2;1;239
269;S329;5;1;45;1;1782;7;1;123
270;S828;1;1;9;2;0;2;0;333
271;S751;3;2;14;2;0;2;1;126
272;S829;5;1;9;2;0;2;1;51
273;S662;7;1;19;2;0;3;0;168
274;S632;6;1;21;1;847;6;1;230
275;S779;7;1;12;2;0;1;0;158
276;S881;7;1;6;2;0;2;1;331
277;S247;5;2;52;2;0;6;1;135
278;S107;5;1;69;2;0;6;0;91
279;S283;4;2;49;2;0;7;1;88
280;S132;1;2;65;2;0;4;1;218
281;S566;7;2;25;2;0;5;1;240
282;S697;5;2;17;2;0;1;1;49
283;S678;7;2;18;2;0;7;1;70
284;S17;4;2;86;2;0;4;1;151
285;S330;5;1;45;1;1838;6;0;330
286;S113;5;1;68;2;0;7;1;306
287;S166;1;2;61;1;113;1;1;338
288;S98;6;1;71;2;0;1;0;290
289;S679;1;2;18;2;0;3;1;273
290;S860;1;1;7;2;0;2;1;85
291;S53;6;2;78;2;0;4;1;130
292;S331;4;1;45;1;2956;6;1;158
293;S35;7;2;82;2;0;4;1;20
294;S558;3;2;26;2;0;4;0;51
295;S385;7;2;40;2;0;6;1;263
296;S402;7;2;39;1;955;5;0;193
297;S248;4;1;52;1;3600;7;1;151
298;S819;1;2;10;2;0;2;1;70
299;S730;5;1;15;2;0;1;1;141
300;S581;5;1;24;1;992;6;1;285
301;S619;7;2;22;2;0;6;1;311
302;S220;7;2;54;1;1244;6;1;70
303;S780;5;1;12;2;0;2;1;176
304;S762;7;2;13;2;0;1;0;190
305;S459;6;1;34;1;1325;4;1;344
306;S133;2;2;65;2;0;7;1;114
307;S680;5;2;18;2;0;5;1;23
308;S716;1;1;16;2;0;7;1;162
309;S915;1;1;4;2;0;2;1;99
310;S234;1;1;53;1;709;7;1;77
311;S444;5;1;35;1;1437;1;1;25
312;S523;7;1;28;1;1133;7;1;248
313;S235;5;2;53;2;0;4;1;298
314;S620;7;1;22;1;901;8;0;101
315;S41;7;1;80;2;0;4;1;72
316;S477;6;1;33;1;1301;1;1;213
317;S249;2;2;52;1;186;5;0;11
318;S403;5;1;39;1;1588;5;1;187
319;S781;7;1;12;2;0;2;0;111
320;S159;2;1;62;1;841;8;1;199
321;S3;2;2;91;2;0;4;1;166
322;S621;5;2;22;1;635;7;1;19
323;S567;5;1;25;1;961;6;0;77
324;S181;1;1;59;1;784;4;1;224
325;S782;7;2;12;2;0;2;1;220
326;S861;2;1;7;2;0;2;0;81
327;S194;7;2;57;2;0;7;1;229
328;S503;5;2;30;2;0;4;1;258
329;S371;5;1;41;1;1670;6;0;334
330;S284;5;2;49;2;0;6;1;277
331;S763;7;2;13;2;0;1;1;291
332;S485;7;1;32;1;1269;3;1;14
333;S648;7;1;20;1;802;1;1;310
334;S81;5;2;74;2;0;6;1;8
335;S967;5;2;1;2;0;2;1;321
336;S460;1;2;34;1;182;1;1;76
337;S2;2;1;93;2;0;1;1;49
338;S803;6;2;11;2;0;2;1;35
339;S968;5;1;1;2;0;2;0;145
340;S847;7;1;8;2;0;2;1;336
341;S60;1;2;77;2;0;1;1;13
342;S461;6;1;34;1;1352;6;1;301
343;S949;2;1;2;2;0;2;0;341
344;S916;7;1;4;2;0;2;1;15
345;S950;3;1;2;2;0;2;1;196
346;S698;3;2;17;2;0;5;1;61
347;S504;2;1;30;1;508;6;1;35
348;S649;6;2;20;2;0;6;1;289
349;S633;2;2;21;2;0;7;1;25
350;S90;7;2;73;2;0;3;0;33
351;S752;3;1;14;2;0;1;1;309
352;S783;1;1;12;2;0;2;1;303
353;S73;4;1;75;2;0;7;0;50
354;S717;6;1;16;2;0;2;1;222
355;S830;5;2;9;2;0;2;0;319
356;S882;5;2;6;2;0;2;1;230
357;S969;7;2;1;2;0;2;0;43
358;S804;2;1;11;2;0;2;1;250
359;S917;2;2;4;2;0;2;0;293
360;S167;2;2;61;2;0;6;1;113
361;S420;7;1;37;1;1492;6;0;135
362;S918;5;1;4;2;0;2;0;99
363;S445;1;1;35;1;565;6;1;66
364;S883;5;2;6;2;0;2;0;330
365;S931;1;1;3;2;0;2;0;197
366;S764;6;2;13;2;0;1;1;218
367;S524;5;1;28;1;1142;6;1;319
368;S262;7;2;51;2;0;6;1;92
369;S171;7;1;60;1;2353;8;1;33
370;S805;5;1;11;2;0;1;1;156
371;S404;6;2;39;2;0;3;1;27
372;S568;5;1;25;1;971;6;1;23
373;S462;1;2;34;1;154;4;1;91
374;S337;6;2;44;2;0;6;1;174
375;S372;6;1;41;1;1631;4;0;227
376;S622;5;2;22;2;0;4;0;183
377;S784;1;1;12;2;0;2;1;350
378;S932;6;2;3;2;0;2;1;15
379;S933;1;1;3;2;0;2;1;190
380;S970;3;1;1;2;0;2;1;164
381;S186;7;1;58;1;2307;6;1;105
382;S203;2;2;56;1;102;4;0;137
383;S54;7;1;78;2;0;6;1;148
384;S421;2;1;37;1;597;8;0;79
385;S650;6;2;20;2;0;3;1;178
386;S971;5;2;1;2;0;2;1;60
387;S765;5;2;13;2;0;2;1;221
388;S351;1;1;43;1;667;1;1;50
389;S884;5;1;6;2;0;2;1;246
390;S718;1;2;16;2;0;3;1;112
391;S118;6;2;67;2;0;1;1;67
392;S298;2;2;48;#LEEG!;#LEEG!;6;1;122
393;S885;5;2;6;2;0;2;1;83
394;S22;5;1;85;2;0;1;0;347
395;S806;3;1;11;2;0;2;1;127
396;S311;4;2;47;2;0;6;1;50
397;S108;2;1;69;2;0;1;1;139
398;S951;2;2;2;2;0;2;1;234
399;S807;5;2;11;2;0;2;1;272
400;S663;7;2;19;2;0;6;1;112
401;S862;7;2;7;2;0;2;1;102
402;S699;5;1;17;2;0;5;1;170
403;S119;7;1;67;2;0;7;1;30
404;S602;1;2;23;1;177;6;1;192
405;S992;7;2;0;2;0;2;1;157
406;S312;5;2;47;1;1159;4;0;69
407;S332;4;1;45;1;2958;6;1;254
408;S67;7;1;76;2;0;7;1;158
409;S896;1;1;5;2;0;2;0;109
410;S719;2;2;16;2;0;1;1;55
411;S250;7;1;52;1;2044;6;1;119
412;S651;1;1;20;2;0;6;1;176
413;S386;3;2;40;1;194;7;0;240
414;S766;5;1;13;2;0;1;0;60
415;S559;7;1;26;1;1014;6;1;56
416;S934;5;1;3;2;0;2;1;102
417;S23;1;2;85;2;0;6;1;311
418;S848;5;2;8;2;0;2;1;331
419;S352;7;1;43;1;1759;4;1;116
420;S172;4;1;60;1;4157;6;1;330
421;S863;7;1;7;2;0;2;1;288
422;S897;7;2;5;2;0;2;1;86
423;S664;5;1;19;2;0;3;1;215
424;S534;5;2;27;2;0;6;1;149
425;S864;3;1;7;2;0;2;1;221
426;S808;2;1;11;2;0;2;1;326
427;S525;2;2;28;1;129;7;0;7
428;S886;1;2;6;2;0;2;1;210
429;S511;6;1;29;1;1160;6;1;289
430;S405;3;2;39;1;158;3;1;30
431;S785;5;1;12;2;0;1;1;300
432;S221;7;1;54;1;2169;7;0;129
433;S91;7;2;73;2;0;8;1;334
434;S10;1;1;88;2;0;5;1;258
435;S478;1;1;33;1;569;6;0;33
436;S731;7;1;15;2;0;1;1;163
437;S363;1;1;42;2;0;4;1;8
438;S786;7;2;12;2;0;2;1;244
439;S486;7;1;32;1;1278;6;0;39
440;S831;7;2;9;2;0;2;0;175
441;S623;7;1;22;1;872;6;1;316
442;S272;4;1;50;1;3412;4;1;62
443;S753;3;1;14;2;0;2;1;230
444;S787;7;1;12;2;0;2;0;45
445;S487;1;2;32;1;190;6;0;84
446;S463;7;1;34;2;0;6;0;152
447;S603;7;2;23;2;0;6;1;236
448;S422;2;2;37;1;189;6;0;197
449;S732;3;1;15;2;0;1;1;305
450;S624;1;2;22;1;150;6;1;6
451;S236;1;2;53;1;140;6;1;174
452;S919;5;2;4;2;0;2;1;35
453;S488;2;1;32;1;500;6;0;261
454;S36;5;1;82;2;0;6;1;33
455;S512;6;2;29;2;0;1;1;246
456;S333;5;1;45;1;1848;4;0;129
457;S952;3;2;2;2;0;2;0;344
458;S497;7;2;31;2;0;6;0;308
459;S432;2;2;36;1;187;5;0;62
460;S700;5;1;17;2;0;5;1;169
461;S569;2;1;25;2;0;8;0;280
462;S251;5;2;52;1;1193;4;0;108
463;S313;4;1;47;2;0;4;1;308
464;S464;7;2;34;2;0;7;1;52
465;S182;7;1;59;1;2394;6;1;136
466;S285;4;1;49;1;3293;6;1;289
467;S222;2;2;54;1;193;6;1;238
468;S788;1;2;12;2;0;2;0;124
469;S223;5;2;54;2;0;6;0;15
470;S535;5;1;27;1;1029;1;1;36
471;S898;1;1;5;2;0;2;1;319
472;S701;7;2;17;2;0;5;0;235
473;S42;4;2;80;2;0;8;0;122
474;S43;6;2;80;2;0;8;1;285
475;S373;1;2;41;2;0;1;1;342
476;S423;7;1;37;2;0;4;0;181
477;S733;5;1;15;2;0;1;1;50
478;S211;5;2;55;2;0;6;1;168
479;S212;6;2;55;2;0;7;1;133
480;S849;3;2;8;2;0;2;1;8
481;S406;6;2;39;2;0;4;1;93
482;S767;5;1;13;2;0;2;1;150
483;S204;7;1;56;1;2289;4;1;304
484;S526;1;2;28;1;160;6;1;115
485;S734;5;1;15;2;0;1;0;15
486;S527;6;1;28;1;1114;3;1;223
487;S145;6;1;63;2;0;6;1;268
488;S224;7;2;54;2;0;4;1;235
489;S11;4;2;88;2;0;8;1;73
490;S109;1;2;69;2;0;6;1;32
491;S735;6;1;15;2;0;1;0;100
492;S582;2;1;24;1;481;6;1;284
493;S865;7;2;7;2;0;2;1;92
494;S252;6;1;52;1;2048;4;0;84
495;S61;6;1;77;2;0;6;1;255
496;S489;6;2;32;2;0;4;1;189
497;S993;2;1;0;2;0;2;0;22
498;S323;7;2;46;1;1137;4;1;237
499;S953;7;1;2;2;0;2;1;117
500;S299;5;2;48;2;0;7;0;109
501;S24;4;2;85;2;0;6;1;88
502;S273;6;2;50;2;0;3;1;84
503;S195;4;1;57;1;4008;8;1;75
504;S74;7;1;75;2;0;6;1;344
505;S583;7;1;24;1;973;4;1;314
506;S887;6;1;6;2;0;2;0;30
507;S702;7;2;17;2;0;6;1;258
508;S720;1;1;16;2;0;1;0;32
509;S888;1;2;6;2;0;2;0;39
510;S736;1;2;15;2;0;1;1;114
511;S820;7;1;10;2;0;2;0;210
512;S721;7;1;16;2;0;1;0;276
513;S703;6;2;17;2;0;1;1;313
514;S536;5;1;27;1;1100;8;1;210
515;S584;5;1;24;1;979;6;1;1
516;S374;7;2;41;1;1056;4;1;172
517;S954;7;1;2;2;0;2;1;226
518;S27;5;2;84;2;0;6;1;244
519;S18;1;1;86;2;0;1;1;62
520;S681;5;2;18;2;0;6;1;161
521;S213;1;1;55;1;787;8;1;192
522;S972;1;1;1;2;0;2;1;275
523;S433;7;2;36;1;962;6;1;23
524;S68;5;2;76;2;0;7;1;309
525;S634;7;2;21;2;0;7;0;149
526;S446;1;2;35;1;121;6;1;321
527;S899;7;2;5;2;0;2;1;98
528;S537;7;2;27;2;0;5;1;87
529;S196;7;2;57;2;0;4;1;80
530;S809;2;2;11;2;0;2;1;167
531;S768;5;1;13;2;0;2;1;144
532;S146;7;1;63;1;2524;6;0;6
533;S364;7;2;42;2;0;7;1;131
534;S173;6;1;60;1;2365;6;1;8
535;S866;5;1;7;2;0;2;1;159
536;S704;5;2;17;2;0;5;1;329
537;S900;3;2;5;2;0;2;1;73
538;S274;7;2;50;2;0;8;1;139
539;S375;1;2;41;1;189;8;1;92
540;S275;1;1;50;1;675;6;1;136
541;S174;7;1;60;1;2398;8;0;121
542;S604;7;1;23;1;905;5;1;54
543;S665;5;1;19;2;0;3;1;332
544;S134;6;2;65;2;0;7;1;50
545;S889;5;2;6;2;0;2;1;331
546;S810;2;2;11;2;0;2;0;39
547;S25;6;1;85;2;0;7;1;91
548;S324;6;2;46;2;0;8;1;84
549;S901;5;2;5;2;0;2;1;292
550;S175;5;1;60;1;2414;1;1;111
551;S769;6;2;13;2;0;1;1;75
552;S94;5;1;72;2;0;6;1;262
553;S789;6;2;12;2;0;2;1;108
554;S790;1;1;12;2;0;2;1;55
555;S114;6;2;68;2;0;6;0;192
556;S832;7;2;9;2;0;2;0;112
557;S635;6;1;21;1;874;6;1;112
558;S867;7;1;7;2;0;2;1;115
559;S387;2;1;40;1;619;7;1;319
560;S237;5;1;53;1;2100;4;0;83
561;S625;7;2;22;2;0;6;1;123
562;S120;5;1;67;2;0;3;1;81
563;S560;5;1;26;1;1037;4;0;270
564;S388;2;2;40;1;146;4;1;343
565;S570;6;1;25;1;1010;5;1;238
566;S353;6;2;43;2;0;4;1;152
567;S121;5;1;67;2;0;5;1;72
568;S176;4;1;60;1;4177;5;1;194
569;S902;6;1;5;2;0;2;1;147
570;S935;7;1;3;2;0;2;1;199
571;S32;4;1;83;2;0;6;1;167
572;S300;6;1;48;1;1951;6;0;93
573;S821;1;2;10;2;0;2;1;47
574;S389;5;2;40;2;0;4;1;259
575;S722;6;2;16;2;0;5;0;138
576;S868;5;2;7;2;0;2;1;51
577;S754;7;2;14;2;0;2;1;79
578;S605;5;2;23;2;0;7;1;335
579;S205;5;1;56;1;2228;7;1;121
580;S338;7;1;44;2;0;5;0;199
581;S903;7;2;5;2;0;2;1;273
582;S187;4;2;58;2;0;6;1;307
583;S110;5;1;69;2;0;3;0;214
584;S994;1;1;0;2;0;2;0;304
585;S314;7;2;47;2;0;4;0;307
586;S26;4;2;85;2;0;6;0;190
587;S434;2;1;36;1;551;7;1;264
588;S973;1;1;1;2;0;2;0;181
589;S479;5;2;33;2;0;6;1;317
590;S652;6;2;20;1;618;7;0;282
591;S263;5;2;51;2;0;6;0;66
592;S339;4;2;44;2;0;5;1;347
593;S160;1;1;62;1;777;4;1;116
594;S974;5;2;1;2;0;2;0;341
595;S770;1;2;13;2;0;2;1;310
596;S168;6;1;61;1;2471;4;1;211
597;S606;7;2;23;1;625;4;1;119
598;S390;2;2;40;1;163;8;1;321
599;S538;5;1;27;1;1046;7;1;2
600;S55;7;2;78;2;0;6;1;20
601;S276;5;1;50;1;1987;1;1;263
602;S447;7;2;35;1;866;4;1;105
603;S448;1;1;35;1;520;6;0;266
604;S13;1;2;87;2;0;7;0;74
605;S607;1;1;23;1;475;7;1;93
606;S449;5;1;35;1;1425;6;1;114
607;S666;7;2;19;2;0;6;1;72
608;S955;1;1;2;2;0;2;1;212
609;S7;1;2;89;2;0;6;1;234
610;S315;5;2;47;2;0;4;1;65
611;S301;6;2;48;2;0;6;0;137
612;S682;5;1;18;2;0;7;1;338
613;S125;7;1;66;2;0;6;0;115
614;S528;7;1;28;2;0;5;1;131
615;S995;7;2;0;2;0;2;1;161
616;S147;4;1;63;1;4482;6;0;12
617;S975;7;2;1;2;0;2;0;102
618;S585;5;2;24;2;0;8;1;341
619;S354;4;2;43;2;0;6;1;255
620;S102;5;2;70;2;0;1;1;127
621;S435;2;1;36;1;592;6;1;219
622;S264;4;1;51;1;3493;7;1;223
623;S265;7;1;51;1;2058;8;1;155
624;S653;7;1;20;1;850;5;1;4
625;S539;7;2;27;2;0;6;1;90
626;S148;7;2;63;2;0;1;1;69
627;S513;5;1;29;1;1208;6;1;349
628;S62;4;1;77;2;0;7;0;140
629;S608;7;1;23;1;951;7;0;314
630;S904;7;1;5;2;0;2;1;85
631;S424;2;1;37;1;554;1;0;220
632;S976;7;2;1;2;0;2;1;41
633;S869;5;2;7;2;0;2;1;25
634;S253;5;1;52;1;2087;4;0;141
635;S586;5;1;24;1;982;3;0;66
636;S450;1;2;35;1;145;4;1;204
637;S451;6;2;35;1;882;3;0;299
638;S667;7;2;19;2;0;6;1;287
639;S905;2;2;5;2;0;2;1;287
640;S238;7;1;53;1;2128;6;1;265
641;S82;6;1;74;2;0;4;1;19
642;S115;4;2;68;2;0;4;0;127
643;S609;5;1;23;1;904;4;1;202
644;S407;5;1;39;1;1580;6;1;116
645;S286;4;2;49;2;0;6;0;66
646;S340;4;1;44;1;2964;6;1;230
647;S126;2;1;66;2;0;6;1;228
648;S465;5;1;34;1;1349;7;1;184
649;S302;7;1;48;1;1914;7;0;20
650;S626;6;1;22;1;878;5;1;39
651;S587;3;1;24;1;469;3;1;73
652;S254;4;2;52;2;0;6;0;292
653;S723;1;1;16;2;0;5;0;25
654;S287;5;2;49;2;0;4;0;189
655;S870;7;2;7;2;0;2;1;221
656;S514;7;2;29;2;0;7;1;168
657;S5;2;2;90;2;0;1;1;139
658;S365;6;1;42;1;1727;5;1;285
659;S724;7;1;16;2;0;1;1;345
660;S391;5;1;40;2;0;7;1;204
661;S561;6;1;26;1;1055;8;1;138
662;S392;6;1;40;1;1587;5;1;86
663;S668;6;1;19;2;0;1;1;217
664;S562;7;2;26;2;0;6;1;2
665;S169;1;2;61;1;146;4;0;309
666;S316;4;2;47;2;0;7;1;144
667;S563;1;1;26;1;493;6;1;197
668;S355;6;1;43;2;0;3;0;174
669;S75;4;1;75;2;0;7;0;262
670;S303;1;1;48;1;703;1;1;230
671;S571;1;1;25;2;0;1;1;298
672;S304;1;2;48;1;123;6;1;37
673;S356;7;1;43;1;1719;1;1;138
674;S255;5;2;52;2;0;6;0;152
675;S357;7;2;43;2;0;7;1;14
676;S977;7;1;1;2;0;2;1;233
677;S833;7;1;9;2;0;2;1;266
678;S452;1;2;35;2;0;6;1;238
679;S610;3;2;23;1;176;6;1;43
680;S669;5;2;19;2;0;2;1;5
681;S737;6;1;15;2;0;1;1;201
682;S996;5;2;0;2;0;2;1;186
683;S206;5;2;56;2;0;6;1;340
684;S791;5;1;12;2;0;1;1;87
685;S540;5;2;27;2;0;7;1;176
686;S636;6;2;21;#LEEG!;#LEEG!;6;1;131
687;S28;5;2;84;2;0;6;1;91
688;S936;7;2;3;2;0;2;0;327
689;S755;5;2;14;2;0;1;1;252
690;S937;2;2;3;2;0;2;0;207
691;S12;6;2;88;2;0;6;1;282
692;S871;6;1;7;2;0;2;1;279
693;S393;6;1;40;1;1626;1;1;176
694;S997;5;1;0;2;0;2;1;18
695;S654;2;2;20;1;159;6;1;33
696;S771;7;2;13;2;0;2;1;113
697;S39;7;2;81;2;0;6;1;276
698;S44;1;1;80;2;0;6;1;311
699;S239;6;1;53;1;2157;6;1;85
700;S240;7;2;53;2;0;6;1;36
701;S266;7;2;51;2;0;6;1;176
702;S408;5;1;39;1;1573;6;1;27
703;S738;5;1;15;2;0;2;1;332
704;S588;6;1;24;1;971;5;1;39
705;S705;6;1;17;2;0;7;1;111
706;S241;1;1;53;#LEEG!;#LEEG!;6;1;234
707;S135;5;1;65;2;0;6;0;243
708;S225;5;1;54;1;2115;6;1;272
709;S739;7;1;15;2;0;1;1;122
710;S267;5;2;51;2;0;1;1;204
711;S197;5;1;57;1;2248;5;1;54
712;S46;5;1;79;2;0;6;1;57
713;S425;5;2;37;2;0;6;0;188
714;S683;3;1;18;2;0;5;1;259
715;S136;4;1;65;2;0;8;1;235
716;S116;1;1;68;2;0;1;1;144
717;S872;5;1;7;2;0;2;1;45
718;S414;6;2;38;2;0;6;1;348
719;S684;7;2;18;2;0;5;0;24
720;S426;1;2;37;#LEEG!;#LEEG!;6;1;59
721;S589;3;1;24;1;409;6;0;294
722;S394;4;1;40;1;2564;7;1;155
723;S207;1;2;56;2;0;7;1;308
724;S670;7;2;19;2;0;3;1;203
725;S978;6;1;1;2;0;2;1;223
726;S590;5;2;24;2;0;6;1;169
727;S376;6;1;41;1;1627;6;1;207
728;S277;5;1;50;1;1958;7;1;307
729;S161;4;1;62;1;4309;6;1;308
730;S611;2;1;23;2;0;1;1;309
731;S278;6;1;50;1;2017;4;0;272
732;S377;4;1;41;1;2729;7;1;119
733;S47;5;1;79;2;0;6;0;154
734;S8;5;2;89;2;0;6;1;229
735;S772;7;1;13;2;0;2;0;310
736;S756;3;2;14;2;0;1;0;213
737;S45;7;1;80;2;0;6;0;137
738;S453;5;1;35;1;1375;6;1;162
739;S956;7;2;2;2;0;2;0;92
740;S56;6;2;78;2;0;7;1;89
741;S998;1;2;0;2;0;2;1;73
742;S188;5;1;58;1;2281;6;1;249
743;S811;5;1;11;2;0;2;0;320
744;S979;2;2;1;2;0;2;1;314
745;S873;1;2;7;2;0;2;1;103
746;S415;3;1;38;1;531;6;0;102
747;S436;1;1;36;1;527;6;1;3
748;S812;7;2;11;2;0;2;1;263
749;S395;2;2;40;#LEEG!;#LEEG!;6;1;216
750;S572;7;1;25;1;1020;6;1;105
751;S706;7;2;17;2;0;5;1;24
752;S906;6;2;5;2;0;2;1;331
753;S57;7;2;78;2;0;6;1;26
754;S226;4;2;54;2;0;6;1;34
755;S890;1;1;6;2;0;2;1;25
756;S480;6;1;33;1;1284;6;1;11
757;S177;5;1;60;1;2401;4;1;321
758;S454;5;2;35;2;0;3;1;202
759;S99;2;2;71;2;0;8;1;239
760;S48;7;2;79;2;0;7;0;140
761;S378;5;2;41;2;0;6;1;48
762;S850;5;1;8;2;0;2;0;11
763;S288;7;2;49;1;1209;4;1;156
764;S591;7;2;24;2;0;7;1;138
765;S334;5;2;45;2;0;4;0;140
766;S198;4;1;57;2;0;7;1;187
767;S481;6;1;33;2;0;6;1;142
768;S792;1;2;12;2;0;2;0;218
769;S541;6;1;27;1;1090;6;0;63
770;S874;5;2;7;2;0;2;1;326
771;S907;2;1;5;2;0;2;1;154
772;S466;6;1;34;1;1313;4;0;71
773;S980;6;1;1;2;0;2;1;96
774;S14;6;2;87;2;0;4;0;200
775;S957;1;2;2;2;0;2;1;271
776;S140;7;2;64;2;0;8;1;252
777;S40;5;2;81;2;0;3;1;230
778;S149;5;1;63;1;2469;8;1;70
779;S793;6;1;12;2;0;2;1;142
780;S92;4;2;73;2;0;7;0;181
781;S83;2;2;74;2;0;4;0;242
782;S505;2;1;30;1;526;1;0;70
783;S834;6;2;9;2;0;2;0;184
784;S740;3;2;15;2;0;1;1;100
785;S289;7;2;49;2;0;6;1;162
786;S741;7;2;15;2;0;1;1;262
787;S822;7;1;10;2;0;2;1;218
788;S637;7;1;21;1;812;4;1;221
789;S707;7;1;17;2;0;5;0;137
790;S208;4;1;56;1;3845;6;1;150
791;S573;5;1;25;1;951;8;1;349
792;S69;5;2;76;2;0;6;0;277
793;S574;5;2;25;1;673;1;1;123
794;S305;7;2;48;2;0;7;0;123
795;S958;2;2;2;2;0;2;1;333
796;S341;5;2;44;2;0;1;1;207
797;S542;7;2;27;1;767;6;0;76
798;S959;2;2;2;2;0;2;1;200
799;S409;6;1;39;1;1538;5;0;224
800;S342;4;2;44;2;0;4;1;249
801;S498;5;2;31;2;0;1;1;6
802;S575;6;2;25;2;0;4;1;345
803;S506;5;1;30;1;1238;4;0;218
804;S227;5;2;54;1;1275;7;1;185
805;S543;7;2;27;2;0;5;1;238
806;S851;2;1;8;2;0;2;1;87
807;S58;5;2;78;2;0;4;1;264
808;S37;7;1;82;2;0;7;1;167
809;S189;5;1;58;1;2293;4;1;116
810;S507;7;1;30;1;1231;3;1;32
811;S875;3;2;7;2;0;2;1;61
812;S49;1;2;79;2;0;6;1;144
813;S920;7;2;4;2;0;2;1;273
814;S638;6;2;21;1;621;7;1;290
815;S490;7;1;32;1;1305;6;1;137
816;S592;5;2;24;2;0;1;0;174
817;S279;1;1;50;1;750;7;1;255
818;S938;6;2;3;2;0;2;1;162
819;S396;5;1;40;1;1622;5;1;26
820;S960;1;1;2;2;0;2;0;331
821;S685;6;1;18;2;0;3;1;345
822;S544;5;2;27;2;0;6;0;327
823;S491;6;1;32;1;1288;6;1;177
824;S823;5;2;10;2;0;2;1;342
825;S209;7;1;56;1;2248;4;0;84
826;S593;7;2;24;1;716;4;1;88
827;S794;6;2;12;2;0;2;0;27
828;S137;6;1;65;2;0;7;0;242
829;S813;7;2;11;2;0;2;1;267
830;S335;4;1;45;1;3048;3;1;122
831;S317;1;2;47;1;192;6;1;228
832;S343;7;2;44;2;0;3;1;16
833;S178;2;1;60;2;0;6;1;38
834;S214;6;2;55;2;0;3;1;258
835;S344;5;1;44;1;1794;7;1;146
836;S891;7;2;6;2;0;2;0;129
837;S467;7;1;34;1;1362;1;0;244
838;S835;5;1;9;2;0;2;1;210
839;S921;2;1;4;2;0;2;1;44
840;S836;7;1;9;2;0;2;1;320
841;S199;7;2;57;2;0;6;1;215
842;S686;5;1;18;2;0;5;1;108
843;S671;7;1;19;2;0;5;1;321
844;S170;6;1;61;1;2429;6;0;312
845;S876;3;1;7;2;0;2;1;270
846;S922;7;2;4;2;0;2;1;243
847;S742;7;2;15;2;0;1;1;34
848;S576;7;1;25;1;1002;4;1;344
849;S672;7;2;19;2;0;7;1;94
850;S366;5;1;42;1;1722;7;1;312
851;S508;3;2;30;1;121;8;1;238
852;S725;6;2;16;2;0;1;1;65
853;S577;6;1;25;1;1008;6;1;198
854;S336;1;2;45;1;183;6;1;51
855;S673;2;2;19;2;0;6;1;247
856;S325;4;1;46;1;3122;6;1;89
857;S228;5;1;54;1;2176;1;1;160
858;S9;1;2;89;2;0;3;1;173
859;S545;6;1;27;2;0;1;1;323
860;S594;6;1;24;1;944;6;0;260
861;S150;5;1;63;1;2497;1;1;3
862;S379;1;1;41;1;603;1;0;143
863;S612;5;2;23;2;0;6;1;89
864;S923;6;2;4;2;0;2;1;234
865;S795;7;2;12;2;0;2;1;78
866;S127;2;1;66;2;0;6;1;196
867;S892;5;1;6;2;0;2;1;239
868;S578;1;1;25;2;0;5;1;55
869;S529;7;1;28;1;1162;7;0;74
870;S674;7;1;19;2;0;5;1;122
871;S380;4;2;41;2;0;6;1;315
872;S546;1;1;27;1;457;6;0;301
873;S547;3;1;27;1;502;7;0;200
874;S190;1;1;58;2;0;7;1;132
875;S824;3;1;10;2;0;2;1;169
876;S256;5;2;52;1;1258;7;1;339
877;S151;4;1;63;1;4464;8;1;11
878;S111;1;2;69;2;0;1;0;116
879;S268;5;2;51;2;0;6;1;338
880;S639;6;1;21;1;865;5;0;16
881;S103;5;1;70;2;0;7;1;38
882;S640;5;2;21;2;0;6;1;64
883;S655;3;2;20;1;115;6;1;299
884;S908;5;2;5;2;0;2;1;280
885;S437;1;1;36;1;529;6;1;211
886;S773;6;2;13;2;0;1;1;223
887;S893;5;1;6;2;0;2;1;125
888;S981;7;1;1;2;0;2;1;161
889;S743;5;1;15;2;0;1;1;174
890;S687;5;2;18;2;0;5;1;43
891;S595;2;1;24;1;453;4;1;75
892;S141;1;2;64;1;185;7;1;301
893;S909;5;1;5;2;0;6;1;33
894;S877;6;2;7;2;0;6;1;151
895;S548;1;2;27;1;168;1;0;220
896;S774;1;1;13;2;0;6;1;289
897;S142;4;1;64;1;4497;4;0;252
898;S961;5;1;2;2;0;7;1;79
899;S215;5;2;55;2;0;4;1;33
900;S910;5;2;5;2;0;4;1;275
901;S744;6;1;15;2;0;1;1;221
902;S104;5;2;70;2;0;8;1;221
903;S162;5;2;62;2;0;6;0;254
904;S381;5;1;41;1;1673;8;1;291
905;S982;2;1;1;2;0;2;1;25
906;S492;5;2;32;2;0;6;1;266
907;S999;6;1;0;2;0;2;1;120
908;S878;1;1;7;2;0;2;1;288
909;S852;7;2;8;2;0;2;0;330
910;S345;5;2;44;2;0;4;1;85
911;S564;3;2;26;1;193;5;0;197
912;S983;7;1;1;2;0;2;1;30
913;S122;7;2;67;2;0;4;1;160
914;S410;2;2;39;1;136;7;1;108
915;S837;2;2;9;2;0;2;1;163
916;S326;5;1;46;1;1810;6;1;34
917;S152;5;1;63;1;2563;3;0;48
918;S814;2;1;11;2;0;2;1;248
919;S838;1;2;9;2;0;2;0;60
920;S515;5;2;29;2;0;5;1;318
921;S242;5;2;53;2;0;1;1;306
922;S924;6;1;4;2;0;2;1;46
923;S191;5;2;58;2;0;1;1;262
924;S84;2;2;74;2;0;6;1;168
925;S290;6;1;49;2;0;6;1;158
926;S757;7;2;14;2;0;1;1;213
927;S549;7;2;27;1;776;7;1;332
928;S839;1;1;9;2;0;2;0;25
929;S853;5;2;8;2;0;2;1;312
930;S382;4;2;41;2;0;6;1;119
931;S530;5;2;28;2;0;4;1;193
932;S745;7;1;15;2;0;1;1;269
933;S163;2;2;62;1;125;3;1;241
934;S416;1;1;38;1;570;6;0;147
935;S854;7;1;8;2;0;2;1;232
936;S318;6;2;47;1;1108;6;0;18
937;S531;3;2;28;1;128;6;0;137
938;S855;3;1;8;2;0;2;0;278
939;S641;7;1;21;1;839;6;1;253
940;S367;7;1;42;1;1707;6;1;173
941;S397;5;2;40;2;0;6;1;60
942;S796;2;1;12;2;0;2;1;101
943;S642;6;2;21;2;0;1;1;252
944;S656;1;2;20;1;138;6;1;112
945;S984;2;1;1;2;0;2;1;262
946;S70;7;1;76;2;0;6;1;96
947;S38;7;2;82;2;0;4;1;147
948;S76;5;1;75;2;0;5;1;336
949;S368;5;1;42;1;1705;3;1;90
950;S438;3;2;36;2;0;4;0;75
951;S596;7;2;24;1;686;4;0;236
952;S411;6;2;39;2;0;8;1;93
953;S346;5;1;44;1;1710;4;1;168
954;S85;5;1;74;2;0;6;1;293
955;S708;5;1;17;2;0;1;1;327
956;S939;1;1;3;2;0;2;1;4
957;S269;4;1;51;1;3467;4;1;264
958;S306;7;2;48;1;1201;7;0;91
959;S71;1;2;76;2;0;5;1;94
960;S565;3;1;26;1;438;4;0;106
961;S925;5;1;4;2;0;2;1;37
962;S597;1;1;24;2;0;7;0;289
963;S63;6;2;77;2;0;6;1;22
964;S183;7;2;59;2;0;1;0;212
965;S291;7;1;49;1;1993;1;0;73
966;S879;7;2;7;2;0;2;1;322
967;S985;6;2;1;2;0;2;1;176
968;S86;5;1;74;2;0;5;0;256
969;S627;3;1;22;1;401;6;0;151
970;S1000;5;2;0;2;0;2;1;213
971;S550;7;1;27;1;1079;6;1;196
972;S579;6;1;25;2;0;5;1;224
973;S856;7;1;8;2;0;2;0;127
974;S709;6;1;17;2;0;1;1;124
975;S439;7;2;36;2;0;6;1;227
976;S358;6;2;43;2;0;1;1;190
977;S710;5;1;17;2;0;5;0;320
978;S243;7;2;53;2;0;6;0;34
979;S440;7;2;36;2;0;6;0;23
980;S257;2;1;52;1;754;3;0;334
981;S50;7;1;79;2;0;6;1;176
982;S347;1;1;44;1;597;6;0;128
983;S455;7;1;35;1;1444;6;1;6
984;S986;1;2;1;2;0;2;1;27
985;S962;7;1;2;2;0;2;1;53
986;S926;2;2;4;2;0;2;1;26
987;S499;6;1;31;1;1211;6;1;329
988;S398;3;1;40;1;648;1;1;132
989;S100;1;1;71;2;0;6;1;149
990;S117;2;1;68;2;0;1;0;156
991;S628;7;1;22;1;869;7;1;331
992;S987;5;1;1;2;0;2;1;24
993;S500;1;1;31;1;463;6;1;220
994;S580;1;2;25;1;109;8;1;289
995;S657;7;2;20;2;0;3;0;235
996;S112;4;2;69;2;0;6;1;110
997;S456;2;2;35;1;131;4;1;54
998;S138;6;1;65;2;0;4;1;83
999;S688;5;1;18;2;0;1;1;42
1000;S988;1;2;1;2;0;2;1;108
1001;S112;4;2;69;2;0;6;1;299
1002;S456;2;2;35;1;131;4;1;29
1003;S138;6;1;65;2;0;4;1;13
1004;S688;5;1;18;2;0;1;1;248
1005;S988;1;2;1;2;0;2;1;39
